{ "timestamp":"2021-05-06T13:56:50Z", "event":"Status", "Flags":151060493, "Pips":[2,8,2], "FireGroup":4, "GuiFocus":0, "Fuel":{ "FuelMain":64.000000, "FuelReservoir":1.160000 }, "Cargo":100.000000, "LegalState":"Clean" }
